id,description,category,inputUnit,outputUnit,factor,formulaId,requiredInputs,defaultWastePct,minRecommended,maxRecommended,notes,tags,sourceBasis
clean_2_stone_tons_per_cy,#2 clean stone tons per CY,Aggregate,CY,TON,1.45,cy_to_tons,cy,5,1.35,1.55,"Density varies by quarry, gradation, moisture, and compaction. Allow user override.",density|material-density,
clean_57_stone_tons_per_cy,"#57 / 3/4"" clean stone tons per CY",Aggregate,CY,TON,1.45,cy_to_tons,cy,5,1.35,1.55,"Density varies by quarry, gradation, moisture, and compaction. Allow user override.",density|material-density,
clean_stone_sf_10in_to_tons,"SF to tons for 10"" #57 / clean stone",Aggregate,SF,TON,0.0447530864,sf_depth_in_to_cy,sf,7,,,"Uses 1.45 tons/CY. Good for clean stone, bedding, drainage aggregate.",clean-stone|57-stone|pipe-bedding,
clean_stone_sf_12in_to_tons,"SF to tons for 12"" #57 / clean stone",Aggregate,SF,TON,0.0537037037,sf_depth_in_to_cy,sf,7,,,"Uses 1.45 tons/CY. Good for clean stone, bedding, drainage aggregate.",clean-stone|57-stone|pipe-bedding,
clean_stone_sf_1in_to_tons,"SF to tons for 1"" #57 / clean stone",Aggregate,SF,TON,0.0044753086,sf_depth_in_to_cy,sf,7,,,"Uses 1.45 tons/CY. Good for clean stone, bedding, drainage aggregate.",clean-stone|57-stone|pipe-bedding,
clean_stone_sf_2in_to_tons,"SF to tons for 2"" #57 / clean stone",Aggregate,SF,TON,0.0089506173,sf_depth_in_to_cy,sf,7,,,"Uses 1.45 tons/CY. Good for clean stone, bedding, drainage aggregate.",clean-stone|57-stone|pipe-bedding,
clean_stone_sf_3in_to_tons,"SF to tons for 3"" #57 / clean stone",Aggregate,SF,TON,0.0134259259,sf_depth_in_to_cy,sf,7,,,"Uses 1.45 tons/CY. Good for clean stone, bedding, drainage aggregate.",clean-stone|57-stone|pipe-bedding,
clean_stone_sf_4in_to_tons,"SF to tons for 4"" #57 / clean stone",Aggregate,SF,TON,0.0179012346,sf_depth_in_to_cy,sf,7,,,"Uses 1.45 tons/CY. Good for clean stone, bedding, drainage aggregate.",clean-stone|57-stone|pipe-bedding,
clean_stone_sf_5in_to_tons,"SF to tons for 5"" #57 / clean stone",Aggregate,SF,TON,0.0223765432,sf_depth_in_to_cy,sf,7,,,"Uses 1.45 tons/CY. Good for clean stone, bedding, drainage aggregate.",clean-stone|57-stone|pipe-bedding,
clean_stone_sf_6in_to_tons,"SF to tons for 6"" #57 / clean stone",Aggregate,SF,TON,0.0268518519,sf_depth_in_to_cy,sf,7,,,"Uses 1.45 tons/CY. Good for clean stone, bedding, drainage aggregate.",clean-stone|57-stone|pipe-bedding,
clean_stone_sf_8in_to_tons,"SF to tons for 8"" #57 / clean stone",Aggregate,SF,TON,0.0358024691,sf_depth_in_to_cy,sf,7,,,"Uses 1.45 tons/CY. Good for clean stone, bedding, drainage aggregate.",clean-stone|57-stone|pipe-bedding,
clean_stone_sy_10in_to_tons,"SY to tons for 10"" #57 / clean stone",Aggregate,SY,TON,0.4027777778,sy_depth_in_to_cy,sy,7,,,"Uses 1.45 tons/CY. Good for clean stone, bedding, drainage aggregate.",clean-stone|57-stone|pipe-bedding,
clean_stone_sy_12in_to_tons,"SY to tons for 12"" #57 / clean stone",Aggregate,SY,TON,0.4833333333,sy_depth_in_to_cy,sy,7,,,"Uses 1.45 tons/CY. Good for clean stone, bedding, drainage aggregate.",clean-stone|57-stone|pipe-bedding,
clean_stone_sy_1in_to_tons,"SY to tons for 1"" #57 / clean stone",Aggregate,SY,TON,0.0402777778,sy_depth_in_to_cy,sy,7,,,"Uses 1.45 tons/CY. Good for clean stone, bedding, drainage aggregate.",clean-stone|57-stone|pipe-bedding,
clean_stone_sy_2in_to_tons,"SY to tons for 2"" #57 / clean stone",Aggregate,SY,TON,0.0805555556,sy_depth_in_to_cy,sy,7,,,"Uses 1.45 tons/CY. Good for clean stone, bedding, drainage aggregate.",clean-stone|57-stone|pipe-bedding,
clean_stone_sy_3in_to_tons,"SY to tons for 3"" #57 / clean stone",Aggregate,SY,TON,0.1208333333,sy_depth_in_to_cy,sy,7,,,"Uses 1.45 tons/CY. Good for clean stone, bedding, drainage aggregate.",clean-stone|57-stone|pipe-bedding,
clean_stone_sy_4in_to_tons,"SY to tons for 4"" #57 / clean stone",Aggregate,SY,TON,0.1611111111,sy_depth_in_to_cy,sy,7,,,"Uses 1.45 tons/CY. Good for clean stone, bedding, drainage aggregate.",clean-stone|57-stone|pipe-bedding,
clean_stone_sy_5in_to_tons,"SY to tons for 5"" #57 / clean stone",Aggregate,SY,TON,0.2013888889,sy_depth_in_to_cy,sy,7,,,"Uses 1.45 tons/CY. Good for clean stone, bedding, drainage aggregate.",clean-stone|57-stone|pipe-bedding,
clean_stone_sy_6in_to_tons,"SY to tons for 6"" #57 / clean stone",Aggregate,SY,TON,0.2416666667,sy_depth_in_to_cy,sy,7,,,"Uses 1.45 tons/CY. Good for clean stone, bedding, drainage aggregate.",clean-stone|57-stone|pipe-bedding,
clean_stone_sy_8in_to_tons,"SY to tons for 8"" #57 / clean stone",Aggregate,SY,TON,0.3222222222,sy_depth_in_to_cy,sy,7,,,"Uses 1.45 tons/CY. Good for clean stone, bedding, drainage aggregate.",clean-stone|57-stone|pipe-bedding,
crusher_run_sf_10in_to_tons,"SF to tons for 10"" crusher run / dense graded aggregate",Aggregate,SF,TON,0.0540123457,sf_depth_in_to_cy,sf,5,,,Uses 1.75 tons/CY. User should override density if quarry ticket history differs.,crusher-run|base-stone,
crusher_run_sf_12in_to_tons,"SF to tons for 12"" crusher run / dense graded aggregate",Aggregate,SF,TON,0.0648148148,sf_depth_in_to_cy,sf,5,,,Uses 1.75 tons/CY. User should override density if quarry ticket history differs.,crusher-run|base-stone,
crusher_run_sf_1in_to_tons,"SF to tons for 1"" crusher run / dense graded aggregate",Aggregate,SF,TON,0.0054012346,sf_depth_in_to_cy,sf,5,,,Uses 1.75 tons/CY. User should override density if quarry ticket history differs.,crusher-run|base-stone,
crusher_run_sf_2in_to_tons,"SF to tons for 2"" crusher run / dense graded aggregate",Aggregate,SF,TON,0.0108024691,sf_depth_in_to_cy,sf,5,,,Uses 1.75 tons/CY. User should override density if quarry ticket history differs.,crusher-run|base-stone,
crusher_run_sf_3in_to_tons,"SF to tons for 3"" crusher run / dense graded aggregate",Aggregate,SF,TON,0.0162037037,sf_depth_in_to_cy,sf,5,,,Uses 1.75 tons/CY. User should override density if quarry ticket history differs.,crusher-run|base-stone,
crusher_run_sf_4in_to_tons,"SF to tons for 4"" crusher run / dense graded aggregate",Aggregate,SF,TON,0.0216049383,sf_depth_in_to_cy,sf,5,,,Uses 1.75 tons/CY. User should override density if quarry ticket history differs.,crusher-run|base-stone,
crusher_run_sf_5in_to_tons,"SF to tons for 5"" crusher run / dense graded aggregate",Aggregate,SF,TON,0.0270061728,sf_depth_in_to_cy,sf,5,,,Uses 1.75 tons/CY. User should override density if quarry ticket history differs.,crusher-run|base-stone,
crusher_run_sf_6in_to_tons,"SF to tons for 6"" crusher run / dense graded aggregate",Aggregate,SF,TON,0.0324074074,sf_depth_in_to_cy,sf,5,,,Uses 1.75 tons/CY. User should override density if quarry ticket history differs.,crusher-run|base-stone,
crusher_run_sf_8in_to_tons,"SF to tons for 8"" crusher run / dense graded aggregate",Aggregate,SF,TON,0.0432098765,sf_depth_in_to_cy,sf,5,,,Uses 1.75 tons/CY. User should override density if quarry ticket history differs.,crusher-run|base-stone,
crusher_run_sy_10in_to_tons,"SY to tons for 10"" crusher run / dense graded aggregate",Aggregate,SY,TON,0.4861111111,sy_depth_in_to_cy,sy,5,,,Uses 1.75 tons/CY. User should override density if quarry ticket history differs.,crusher-run|base-stone,
crusher_run_sy_12in_to_tons,"SY to tons for 12"" crusher run / dense graded aggregate",Aggregate,SY,TON,0.5833333333,sy_depth_in_to_cy,sy,5,,,Uses 1.75 tons/CY. User should override density if quarry ticket history differs.,crusher-run|base-stone,
crusher_run_sy_1in_to_tons,"SY to tons for 1"" crusher run / dense graded aggregate",Aggregate,SY,TON,0.0486111111,sy_depth_in_to_cy,sy,5,,,Uses 1.75 tons/CY. User should override density if quarry ticket history differs.,crusher-run|base-stone,
crusher_run_sy_2in_to_tons,"SY to tons for 2"" crusher run / dense graded aggregate",Aggregate,SY,TON,0.0972222222,sy_depth_in_to_cy,sy,5,,,Uses 1.75 tons/CY. User should override density if quarry ticket history differs.,crusher-run|base-stone,
crusher_run_sy_3in_to_tons,"SY to tons for 3"" crusher run / dense graded aggregate",Aggregate,SY,TON,0.1458333333,sy_depth_in_to_cy,sy,5,,,Uses 1.75 tons/CY. User should override density if quarry ticket history differs.,crusher-run|base-stone,
crusher_run_sy_4in_to_tons,"SY to tons for 4"" crusher run / dense graded aggregate",Aggregate,SY,TON,0.1944444444,sy_depth_in_to_cy,sy,5,,,Uses 1.75 tons/CY. User should override density if quarry ticket history differs.,crusher-run|base-stone,
crusher_run_sy_5in_to_tons,"SY to tons for 5"" crusher run / dense graded aggregate",Aggregate,SY,TON,0.2430555556,sy_depth_in_to_cy,sy,5,,,Uses 1.75 tons/CY. User should override density if quarry ticket history differs.,crusher-run|base-stone,
crusher_run_sy_6in_to_tons,"SY to tons for 6"" crusher run / dense graded aggregate",Aggregate,SY,TON,0.2916666667,sy_depth_in_to_cy,sy,5,,,Uses 1.75 tons/CY. User should override density if quarry ticket history differs.,crusher-run|base-stone,
crusher_run_sy_8in_to_tons,"SY to tons for 8"" crusher run / dense graded aggregate",Aggregate,SY,TON,0.3888888889,sy_depth_in_to_cy,sy,5,,,Uses 1.75 tons/CY. User should override density if quarry ticket history differs.,crusher-run|base-stone,
crusher_run_tons_per_cy,Crusher run / dense graded aggregate tons per CY,Aggregate,CY,TON,1.75,cy_to_tons,cy,5,1.65,1.85,"Density varies by quarry, gradation, moisture, and compaction. Allow user override.",density|material-density,
riprap_tons_per_cy,Riprap tons per CY,Aggregate,CY,TON,1.55,cy_to_tons,cy,5,1.4,1.7,"Density varies by quarry, gradation, moisture, and compaction. Allow user override.",density|material-density,
sand_tons_per_cy,Sand tons per CY,Aggregate,CY,TON,1.45,cy_to_tons,cy,5,1.3,1.6,"Density varies by quarry, gradation, moisture, and compaction. Allow user override.",density|material-density,
screenings_tons_per_cy,Limestone screenings tons per CY,Aggregate,CY,TON,1.6,cy_to_tons,cy,5,1.5,1.7,"Density varies by quarry, gradation, moisture, and compaction. Allow user override.",density|material-density,
solid_limestone_tons_per_cy,Solid/graded limestone rock tons per CY,Aggregate,CY,TON,1.76,cy_to_tons,cy,5,1.6,1.9,"Density varies by quarry, gradation, moisture, and compaction. Allow user override.",density|material-density,
tdot_aggregate_base_tons_per_cy,Aggregate base / mineral aggregate tons per CY,Aggregate,CY,TON,1.75,cy_to_tons,cy,5,1.65,1.85,"Density varies by quarry, gradation, moisture, and compaction. Allow user override.",density|material-density,
asphalt_sf_0_5in_to_tons,"SF to tons for 0.5"" compacted asphalt",Asphalt,SF,TON,0.0030555556,asphalt_sf_depth_to_tons,sf,5,0.00291666665,0.00333333335,Uses 110 lb/SY/in. Actual mix can range; check JMF/ticket yield when available.,asphalt|tonnage,
asphalt_sf_0_75in_to_tons,"SF to tons for 0.75"" compacted asphalt",Asphalt,SF,TON,0.0045833333,asphalt_sf_depth_to_tons,sf,5,0.004374999975,0.005000000025,Uses 110 lb/SY/in. Actual mix can range; check JMF/ticket yield when available.,asphalt|tonnage,
asphalt_sf_1_25in_to_tons,"SF to tons for 1.25"" compacted asphalt",Asphalt,SF,TON,0.0076388889,asphalt_sf_depth_to_tons,sf,5,0.007291666625,0.008333333375,Uses 110 lb/SY/in. Actual mix can range; check JMF/ticket yield when available.,asphalt|tonnage,
asphalt_sf_1_5in_to_tons,"SF to tons for 1.5"" compacted asphalt",Asphalt,SF,TON,0.0091666667,asphalt_sf_depth_to_tons,sf,5,0.00874999995,0.01000000005,Uses 110 lb/SY/in. Actual mix can range; check JMF/ticket yield when available.,asphalt|tonnage,
asphalt_sf_1in_to_tons,"SF to tons for 1"" compacted asphalt",Asphalt,SF,TON,0.0061111111,asphalt_sf_depth_to_tons,sf,5,0.0058333333,0.0066666667,Uses 110 lb/SY/in. Actual mix can range; check JMF/ticket yield when available.,asphalt|tonnage,
asphalt_sf_2_5in_to_tons,"SF to tons for 2.5"" compacted asphalt",Asphalt,SF,TON,0.0152777778,asphalt_sf_depth_to_tons,sf,5,0.01458333325,0.01666666675,Uses 110 lb/SY/in. Actual mix can range; check JMF/ticket yield when available.,asphalt|tonnage,
asphalt_sf_2in_to_tons,"SF to tons for 2"" compacted asphalt",Asphalt,SF,TON,0.0122222222,asphalt_sf_depth_to_tons,sf,5,0.0116666666,0.0133333334,Uses 110 lb/SY/in. Actual mix can range; check JMF/ticket yield when available.,asphalt|tonnage,
asphalt_sf_3_5in_to_tons,"SF to tons for 3.5"" compacted asphalt",Asphalt,SF,TON,0.0213888889,asphalt_sf_depth_to_tons,sf,5,0.02041666655,0.02333333345,Uses 110 lb/SY/in. Actual mix can range; check JMF/ticket yield when available.,asphalt|tonnage,
asphalt_sf_3in_to_tons,"SF to tons for 3"" compacted asphalt",Asphalt,SF,TON,0.0183333333,asphalt_sf_depth_to_tons,sf,5,0.0174999999,0.0200000001,Uses 110 lb/SY/in. Actual mix can range; check JMF/ticket yield when available.,asphalt|tonnage,
asphalt_sf_4in_to_tons,"SF to tons for 4"" compacted asphalt",Asphalt,SF,TON,0.0244444444,asphalt_sf_depth_to_tons,sf,5,0.0233333332,0.0266666668,Uses 110 lb/SY/in. Actual mix can range; check JMF/ticket yield when available.,asphalt|tonnage,
asphalt_sf_5in_to_tons,"SF to tons for 5"" compacted asphalt",Asphalt,SF,TON,0.0305555555,asphalt_sf_depth_to_tons,sf,5,0.0291666665,0.0333333335,Uses 110 lb/SY/in. Actual mix can range; check JMF/ticket yield when available.,asphalt|tonnage,
asphalt_sf_6in_to_tons,"SF to tons for 6"" compacted asphalt",Asphalt,SF,TON,0.0366666666,asphalt_sf_depth_to_tons,sf,5,0.0349999998,0.0400000002,Uses 110 lb/SY/in. Actual mix can range; check JMF/ticket yield when available.,asphalt|tonnage,
asphalt_sy_0_5in_to_tons,"SY to tons for 0.5"" compacted asphalt",Asphalt,SY,TON,0.0275,asphalt_sy_depth_to_tons,sy,5,0.02625,0.03,Uses 110 lb/SY/in. Actual mix can range; check JMF/ticket yield when available.,asphalt|tonnage,
asphalt_sy_0_75in_to_tons,"SY to tons for 0.75"" compacted asphalt",Asphalt,SY,TON,0.04125,asphalt_sy_depth_to_tons,sy,5,0.039375,0.045,Uses 110 lb/SY/in. Actual mix can range; check JMF/ticket yield when available.,asphalt|tonnage,
asphalt_sy_1_25in_to_tons,"SY to tons for 1.25"" compacted asphalt",Asphalt,SY,TON,0.06875,asphalt_sy_depth_to_tons,sy,5,0.065625,0.075,Uses 110 lb/SY/in. Actual mix can range; check JMF/ticket yield when available.,asphalt|tonnage,
asphalt_sy_1_5in_to_tons,"SY to tons for 1.5"" compacted asphalt",Asphalt,SY,TON,0.0825,asphalt_sy_depth_to_tons,sy,5,0.07875,0.09,Uses 110 lb/SY/in. Actual mix can range; check JMF/ticket yield when available.,asphalt|tonnage,
asphalt_sy_1in_to_tons,"SY to tons for 1"" compacted asphalt",Asphalt,SY,TON,0.055,asphalt_sy_depth_to_tons,sy,5,0.0525,0.06,Uses 110 lb/SY/in. Actual mix can range; check JMF/ticket yield when available.,asphalt|tonnage,
asphalt_sy_2_5in_to_tons,"SY to tons for 2.5"" compacted asphalt",Asphalt,SY,TON,0.1375,asphalt_sy_depth_to_tons,sy,5,0.13125,0.15,Uses 110 lb/SY/in. Actual mix can range; check JMF/ticket yield when available.,asphalt|tonnage,
asphalt_sy_2in_to_tons,"SY to tons for 2"" compacted asphalt",Asphalt,SY,TON,0.11,asphalt_sy_depth_to_tons,sy,5,0.105,0.12,Uses 110 lb/SY/in. Actual mix can range; check JMF/ticket yield when available.,asphalt|tonnage,
asphalt_sy_3_5in_to_tons,"SY to tons for 3.5"" compacted asphalt",Asphalt,SY,TON,0.1925,asphalt_sy_depth_to_tons,sy,5,0.18375,0.21,Uses 110 lb/SY/in. Actual mix can range; check JMF/ticket yield when available.,asphalt|tonnage,
asphalt_sy_3in_to_tons,"SY to tons for 3"" compacted asphalt",Asphalt,SY,TON,0.165,asphalt_sy_depth_to_tons,sy,5,0.1575,0.18,Uses 110 lb/SY/in. Actual mix can range; check JMF/ticket yield when available.,asphalt|tonnage,
asphalt_sy_4in_to_tons,"SY to tons for 4"" compacted asphalt",Asphalt,SY,TON,0.22,asphalt_sy_depth_to_tons,sy,5,0.21,0.24,Uses 110 lb/SY/in. Actual mix can range; check JMF/ticket yield when available.,asphalt|tonnage,
asphalt_sy_5in_to_tons,"SY to tons for 5"" compacted asphalt",Asphalt,SY,TON,0.275,asphalt_sy_depth_to_tons,sy,5,0.2625,0.3,Uses 110 lb/SY/in. Actual mix can range; check JMF/ticket yield when available.,asphalt|tonnage,
asphalt_sy_6in_to_tons,"SY to tons for 6"" compacted asphalt",Asphalt,SY,TON,0.33,asphalt_sy_depth_to_tons,sy,5,0.315,0.36,Uses 110 lb/SY/in. Actual mix can range; check JMF/ticket yield when available.,asphalt|tonnage,
asphalt_waste_large_open_lot,Asphalt waste/overrun - large open parking lot,Asphalt,TON,TON,1.04,,,,1.03,1.05,Multiplier applied to theoretical asphalt tons.,waste|overrun,
asphalt_waste_leveling,Asphalt leveling course quantity factor,Asphalt,TON,TON,1.15,,,,1.1,1.3,Multiplier applied to theoretical asphalt tons.,waste|overrun,
asphalt_waste_patching,Asphalt waste/overrun - patching/irregular work,Asphalt,TON,TON,1.15,,,,1.1,1.25,Multiplier applied to theoretical asphalt tons.,waste|overrun,
asphalt_waste_small_lot,Asphalt waste/overrun - small lot/handwork,Asphalt,TON,TON,1.1,,,,1.08,1.15,Multiplier applied to theoretical asphalt tons.,waste|overrun,
crackfill_half_by_half_field,"Crack filler 1/2"" wide x 1/2"" deep - field allowance",Asphalt,LF,LB,0.15,,,10,,,"Crack filler usage varies heavily with routing, cleanliness, overbanding, and actual crack width.",crackfill,
crackfill_half_by_half_theoretical,"Crack filler 1/2"" wide x 1/2"" deep - theoretical",Asphalt,LF,LB,0.125,,,10,,,"Crack filler usage varies heavily with routing, cleanliness, overbanding, and actual crack width.",crackfill,
crackfill_half_by_one_field,"Crack filler 1/2"" wide x 1"" deep - field allowance",Asphalt,LF,LB,0.25,,,10,,,"Crack filler usage varies heavily with routing, cleanliness, overbanding, and actual crack width.",crackfill,
crackfill_overband_extra,Crack filler overband/waste multiplier,Asphalt,LF,LB,1.15,,,10,,,"Crack filler usage varies heavily with routing, cleanliness, overbanding, and actual crack width.",crackfill,
crackfill_threequarter_by_threequarter_field,"Crack filler 3/4"" wide x 3/4"" deep - field allowance",Asphalt,LF,LB,0.278,,,10,,,"Crack filler usage varies heavily with routing, cleanliness, overbanding, and actual crack width.",crackfill,
concrete_broken_cy_to_tons,Broken concrete CY to tons,Concrete,CY,TON,1.0,,,,0.9,1.3,Use for loose/broken demo loading; varies widely by voids.,waste|demo,
concrete_sf_10in_to_cy,"SF to CY for 10"" concrete slab",Concrete,SF,CY,0.0308641975,sf_depth_in_to_cy,sf,7,,,Theoretical concrete volume before waste.,flatwork|slab,
concrete_sf_12in_to_cy,"SF to CY for 12"" concrete slab",Concrete,SF,CY,0.037037037,sf_depth_in_to_cy,sf,7,,,Theoretical concrete volume before waste.,flatwork|slab,
concrete_sf_3in_to_cy,"SF to CY for 3"" concrete slab",Concrete,SF,CY,0.0092592593,sf_depth_in_to_cy,sf,7,,,Theoretical concrete volume before waste.,flatwork|slab,
concrete_sf_4in_to_cy,"SF to CY for 4"" concrete slab",Concrete,SF,CY,0.012345679,sf_depth_in_to_cy,sf,7,,,Theoretical concrete volume before waste.,flatwork|slab,
concrete_sf_5in_to_cy,"SF to CY for 5"" concrete slab",Concrete,SF,CY,0.0154320988,sf_depth_in_to_cy,sf,7,,,Theoretical concrete volume before waste.,flatwork|slab,
concrete_sf_6in_to_cy,"SF to CY for 6"" concrete slab",Concrete,SF,CY,0.0185185185,sf_depth_in_to_cy,sf,7,,,Theoretical concrete volume before waste.,flatwork|slab,
concrete_sf_7in_to_cy,"SF to CY for 7"" concrete slab",Concrete,SF,CY,0.0216049383,sf_depth_in_to_cy,sf,7,,,Theoretical concrete volume before waste.,flatwork|slab,
concrete_sf_8in_to_cy,"SF to CY for 8"" concrete slab",Concrete,SF,CY,0.024691358,sf_depth_in_to_cy,sf,7,,,Theoretical concrete volume before waste.,flatwork|slab,
concrete_solid_cy_to_tons,Solid concrete CY to tons,Concrete,CY,TON,2.0,,,,1.95,2.05,Use for demolition haul-off of solid concrete.,waste|demo,
concrete_sy_10in_to_cy,"SY to CY for 10"" concrete slab",Concrete,SY,CY,0.2777777778,sy_depth_in_to_cy,sy,7,,,Theoretical concrete volume before waste.,flatwork|slab,
concrete_sy_12in_to_cy,"SY to CY for 12"" concrete slab",Concrete,SY,CY,0.3333333333,sy_depth_in_to_cy,sy,7,,,Theoretical concrete volume before waste.,flatwork|slab,
concrete_sy_3in_to_cy,"SY to CY for 3"" concrete slab",Concrete,SY,CY,0.0833333333,sy_depth_in_to_cy,sy,7,,,Theoretical concrete volume before waste.,flatwork|slab,
concrete_sy_4in_to_cy,"SY to CY for 4"" concrete slab",Concrete,SY,CY,0.1111111111,sy_depth_in_to_cy,sy,7,,,Theoretical concrete volume before waste.,flatwork|slab,
concrete_sy_5in_to_cy,"SY to CY for 5"" concrete slab",Concrete,SY,CY,0.1388888889,sy_depth_in_to_cy,sy,7,,,Theoretical concrete volume before waste.,flatwork|slab,
concrete_sy_6in_to_cy,"SY to CY for 6"" concrete slab",Concrete,SY,CY,0.1666666667,sy_depth_in_to_cy,sy,7,,,Theoretical concrete volume before waste.,flatwork|slab,
concrete_sy_7in_to_cy,"SY to CY for 7"" concrete slab",Concrete,SY,CY,0.1944444444,sy_depth_in_to_cy,sy,7,,,Theoretical concrete volume before waste.,flatwork|slab,
concrete_sy_8in_to_cy,"SY to CY for 8"" concrete slab",Concrete,SY,CY,0.2222222222,sy_depth_in_to_cy,sy,7,,,Theoretical concrete volume before waste.,flatwork|slab,
concrete_waste_curb_handwork,Concrete waste factor - curb/handwork,Concrete,CY,CY,1.1,,,,1.08,1.12,Multiplier on theoretical CY.,waste|demo,
concrete_waste_large_slab,Concrete waste factor - large slab,Concrete,CY,CY,1.05,,,,1.03,1.07,Multiplier on theoretical CY.,waste|demo,
concrete_waste_piers,Concrete waste factor - piers/sonotubes,Concrete,CY,CY,1.12,,,,1.1,1.15,Multiplier on theoretical CY.,waste|demo,
concrete_waste_sidewalk_small,Concrete waste factor - sidewalk/small flatwork,Concrete,CY,CY,1.08,,,,1.07,1.1,Multiplier on theoretical CY.,waste|demo,
curb_gutter_23in_lf_to_cy,"23"" curb/gutter LF to CY",Concrete,LF,CY,0.05,curb_cy,lf,10,,,Preset assumes about 1.35 SF cross-section. Prefer actual section area from detail.,curb|gutter,
curb_gutter_24in_lf_to_cy,"24"" curb/gutter LF to CY",Concrete,LF,CY,0.055,curb_cy,lf,10,,,Preset assumes about 1.485 SF cross-section. Prefer actual section area from detail.,curb|gutter,
curb_gutter_30in_lf_to_cy,"30"" curb/gutter LF to CY",Concrete,LF,CY,0.07,curb_cy,lf,10,,,Preset assumes about 1.89 SF cross-section. Prefer actual section area from detail.,curb|gutter,
curb_post_12in_lf_to_cy,"12"" post curb LF to CY",Concrete,LF,CY,0.02,curb_cy,lf,10,,,Preset assumes about 0.54 SF cross-section. Prefer actual section area from detail.,curb|gutter,
header_curb_lf_to_cy,Header curb LF to CY,Concrete,LF,CY,0.03,curb_cy,lf,10,,,Preset assumes about 0.81 SF cross-section. Prefer actual section area from detail.,curb|gutter,
pier_1_5ft_dia_cy_per_lf,1.5' diameter circular pier CY per LF depth,Concrete,LF,CY,0.0654498469,circular_pier_cy,depthFt,12,,,CY per vertical LF of pier depth.,pier|column|sonotube,
pier_1ft_dia_cy_per_lf,1' diameter circular pier CY per LF depth,Concrete,LF,CY,0.0290888209,circular_pier_cy,depthFt,12,,,CY per vertical LF of pier depth.,pier|column|sonotube,
pier_2_5ft_dia_cy_per_lf,2.5' diameter circular pier CY per LF depth,Concrete,LF,CY,0.1818051304,circular_pier_cy,depthFt,12,,,CY per vertical LF of pier depth.,pier|column|sonotube,
pier_2ft_dia_cy_per_lf,2' diameter circular pier CY per LF depth,Concrete,LF,CY,0.1163552835,circular_pier_cy,depthFt,12,,,CY per vertical LF of pier depth.,pier|column|sonotube,
pier_3_5ft_dia_cy_per_lf,3.5' diameter circular pier CY per LF depth,Concrete,LF,CY,0.3563380556,circular_pier_cy,depthFt,12,,,CY per vertical LF of pier depth.,pier|column|sonotube,
pier_3ft_dia_cy_per_lf,3' diameter circular pier CY per LF depth,Concrete,LF,CY,0.2617993878,circular_pier_cy,depthFt,12,,,CY per vertical LF of pier depth.,pier|column|sonotube,
pier_4ft_dia_cy_per_lf,4' diameter circular pier CY per LF depth,Concrete,LF,CY,0.4654211339,circular_pier_cy,depthFt,12,,,CY per vertical LF of pier depth.,pier|column|sonotube,
pier_5ft_dia_cy_per_lf,5' diameter circular pier CY per LF depth,Concrete,LF,CY,0.7272205217,circular_pier_cy,depthFt,12,,,CY per vertical LF of pier depth.,pier|column|sonotube,
pier_6ft_dia_cy_per_lf,6' diameter circular pier CY per LF depth,Concrete,LF,CY,1.0471975512,circular_pier_cy,depthFt,12,,,CY per vertical LF of pier depth.,pier|column|sonotube,
rebar_10_lb_per_lf,#10 rebar lb per LF,Concrete,LF,LB,4.303,rebar_weight,lf,5,,,Use for reinforcement takeoff.,rebar,
rebar_11_lb_per_lf,#11 rebar lb per LF,Concrete,LF,LB,5.313,rebar_weight,lf,5,,,Use for reinforcement takeoff.,rebar,
rebar_3_lb_per_lf,#3 rebar lb per LF,Concrete,LF,LB,0.376,rebar_weight,lf,5,,,Use for reinforcement takeoff.,rebar,
rebar_4_lb_per_lf,#4 rebar lb per LF,Concrete,LF,LB,0.668,rebar_weight,lf,5,,,Use for reinforcement takeoff.,rebar,
rebar_5_lb_per_lf,#5 rebar lb per LF,Concrete,LF,LB,1.043,rebar_weight,lf,5,,,Use for reinforcement takeoff.,rebar,
rebar_6_lb_per_lf,#6 rebar lb per LF,Concrete,LF,LB,1.502,rebar_weight,lf,5,,,Use for reinforcement takeoff.,rebar,
rebar_7_lb_per_lf,#7 rebar lb per LF,Concrete,LF,LB,2.044,rebar_weight,lf,5,,,Use for reinforcement takeoff.,rebar,
rebar_8_lb_per_lf,#8 rebar lb per LF,Concrete,LF,LB,2.67,rebar_weight,lf,5,,,Use for reinforcement takeoff.,rebar,
rebar_9_lb_per_lf,#9 rebar lb per LF,Concrete,LF,LB,3.4,rebar_weight,lf,5,,,Use for reinforcement takeoff.,rebar,
roll_curb_lf_to_cy,Roll curb LF to CY,Concrete,LF,CY,0.045,curb_cy,lf,10,,,Preset assumes about 1.215 SF cross-section. Prefer actual section area from detail.,curb|gutter,
asphalt_demo_sy_1in_to_tons,Asphalt removal/milling SY to tons per 1 inch,Demolition,SY,TON,0.055,,,,,,Same as asphalt tonnage basis; adjust for actual density.,demo|removal,
concrete_demo_sf_4in_to_cy,Concrete demo SF to CY for 4 inch slab,Demolition,SF,CY,0.012345679,,,,,,Theoretical CY before broken/loose conversion.,demo|removal,
concrete_demo_sf_6in_to_cy,Concrete demo SF to CY for 6 inch slab,Demolition,SF,CY,0.0185185185,,,,,,Theoretical CY before broken/loose conversion.,demo|removal,
sawcut_asphalt_lf,Sawcut asphalt,Demolition,LF,LF,1,,,,,,Direct LF quantity.,demo|removal,
sawcut_concrete_lf,Sawcut concrete,Demolition,LF,LF,1,,,,,,Direct LF quantity.,demo|removal,
common_excavation_swell,Common excavation swell from bank CY to loose CY,Earthwork,BCY,LCY,1.2,,,,1.15,1.35,Use for typical clay/silt/common excavation haul-off.,swell-shrink,
common_fill_shrink,Common fill shrink from loose/import CY to compacted CY,Earthwork,LCY,CCY,0.85,,,,0.8,0.9,Use for common borrow or onsite fill.,swell-shrink,
earthwork_sf_10in_to_cy,"SF to CY for 10"" earthwork/spoils",Earthwork,SF,CY,0.0308641975,sf_depth_in_to_cy,sf,5,,,Geometric in-place volume before swell/shrink.,bank-cy|spoils|stripping,
earthwork_sf_11in_to_cy,"SF to CY for 11"" earthwork/spoils",Earthwork,SF,CY,0.0339506173,sf_depth_in_to_cy,sf,5,,,Geometric in-place volume before swell/shrink.,bank-cy|spoils|stripping,
earthwork_sf_12in_to_cy,"SF to CY for 12"" earthwork/spoils",Earthwork,SF,CY,0.037037037,sf_depth_in_to_cy,sf,5,,,Geometric in-place volume before swell/shrink.,bank-cy|spoils|stripping,
earthwork_sf_18in_to_cy,"SF to CY for 18"" earthwork/spoils",Earthwork,SF,CY,0.0555555556,sf_depth_in_to_cy,sf,5,,,Geometric in-place volume before swell/shrink.,bank-cy|spoils|stripping,
earthwork_sf_1in_to_cy,"SF to CY for 1"" earthwork/spoils",Earthwork,SF,CY,0.0030864198,sf_depth_in_to_cy,sf,5,,,Geometric in-place volume before swell/shrink.,bank-cy|spoils|stripping,
earthwork_sf_24in_to_cy,"SF to CY for 24"" earthwork/spoils",Earthwork,SF,CY,0.0740740741,sf_depth_in_to_cy,sf,5,,,Geometric in-place volume before swell/shrink.,bank-cy|spoils|stripping,
earthwork_sf_2in_to_cy,"SF to CY for 2"" earthwork/spoils",Earthwork,SF,CY,0.0061728395,sf_depth_in_to_cy,sf,5,,,Geometric in-place volume before swell/shrink.,bank-cy|spoils|stripping,
earthwork_sf_36in_to_cy,"SF to CY for 36"" earthwork/spoils",Earthwork,SF,CY,0.1111111111,sf_depth_in_to_cy,sf,5,,,Geometric in-place volume before swell/shrink.,bank-cy|spoils|stripping,
earthwork_sf_3in_to_cy,"SF to CY for 3"" earthwork/spoils",Earthwork,SF,CY,0.0092592593,sf_depth_in_to_cy,sf,5,,,Geometric in-place volume before swell/shrink.,bank-cy|spoils|stripping,
earthwork_sf_4in_to_cy,"SF to CY for 4"" earthwork/spoils",Earthwork,SF,CY,0.012345679,sf_depth_in_to_cy,sf,5,,,Geometric in-place volume before swell/shrink.,bank-cy|spoils|stripping,
earthwork_sf_5in_to_cy,"SF to CY for 5"" earthwork/spoils",Earthwork,SF,CY,0.0154320988,sf_depth_in_to_cy,sf,5,,,Geometric in-place volume before swell/shrink.,bank-cy|spoils|stripping,
earthwork_sf_6in_to_cy,"SF to CY for 6"" earthwork/spoils",Earthwork,SF,CY,0.0185185185,sf_depth_in_to_cy,sf,5,,,Geometric in-place volume before swell/shrink.,bank-cy|spoils|stripping,
earthwork_sf_7in_to_cy,"SF to CY for 7"" earthwork/spoils",Earthwork,SF,CY,0.0216049383,sf_depth_in_to_cy,sf,5,,,Geometric in-place volume before swell/shrink.,bank-cy|spoils|stripping,
earthwork_sf_8in_to_cy,"SF to CY for 8"" earthwork/spoils",Earthwork,SF,CY,0.024691358,sf_depth_in_to_cy,sf,5,,,Geometric in-place volume before swell/shrink.,bank-cy|spoils|stripping,
earthwork_sf_9in_to_cy,"SF to CY for 9"" earthwork/spoils",Earthwork,SF,CY,0.0277777778,sf_depth_in_to_cy,sf,5,,,Geometric in-place volume before swell/shrink.,bank-cy|spoils|stripping,
earthwork_sy_10in_to_cy,"SY to CY for 10"" earthwork/spoils",Earthwork,SY,CY,0.2777777778,sy_depth_in_to_cy,sy,5,,,Geometric in-place volume before swell/shrink.,bank-cy|spoils|stripping,
earthwork_sy_11in_to_cy,"SY to CY for 11"" earthwork/spoils",Earthwork,SY,CY,0.3055555556,sy_depth_in_to_cy,sy,5,,,Geometric in-place volume before swell/shrink.,bank-cy|spoils|stripping,
earthwork_sy_12in_to_cy,"SY to CY for 12"" earthwork/spoils",Earthwork,SY,CY,0.3333333333,sy_depth_in_to_cy,sy,5,,,Geometric in-place volume before swell/shrink.,bank-cy|spoils|stripping,
earthwork_sy_18in_to_cy,"SY to CY for 18"" earthwork/spoils",Earthwork,SY,CY,0.5,sy_depth_in_to_cy,sy,5,,,Geometric in-place volume before swell/shrink.,bank-cy|spoils|stripping,
earthwork_sy_1in_to_cy,"SY to CY for 1"" earthwork/spoils",Earthwork,SY,CY,0.0277777778,sy_depth_in_to_cy,sy,5,,,Geometric in-place volume before swell/shrink.,bank-cy|spoils|stripping,
earthwork_sy_24in_to_cy,"SY to CY for 24"" earthwork/spoils",Earthwork,SY,CY,0.6666666667,sy_depth_in_to_cy,sy,5,,,Geometric in-place volume before swell/shrink.,bank-cy|spoils|stripping,
earthwork_sy_2in_to_cy,"SY to CY for 2"" earthwork/spoils",Earthwork,SY,CY,0.0555555556,sy_depth_in_to_cy,sy,5,,,Geometric in-place volume before swell/shrink.,bank-cy|spoils|stripping,
earthwork_sy_36in_to_cy,"SY to CY for 36"" earthwork/spoils",Earthwork,SY,CY,1.0,sy_depth_in_to_cy,sy,5,,,Geometric in-place volume before swell/shrink.,bank-cy|spoils|stripping,
earthwork_sy_3in_to_cy,"SY to CY for 3"" earthwork/spoils",Earthwork,SY,CY,0.0833333333,sy_depth_in_to_cy,sy,5,,,Geometric in-place volume before swell/shrink.,bank-cy|spoils|stripping,
earthwork_sy_4in_to_cy,"SY to CY for 4"" earthwork/spoils",Earthwork,SY,CY,0.1111111111,sy_depth_in_to_cy,sy,5,,,Geometric in-place volume before swell/shrink.,bank-cy|spoils|stripping,
earthwork_sy_5in_to_cy,"SY to CY for 5"" earthwork/spoils",Earthwork,SY,CY,0.1388888889,sy_depth_in_to_cy,sy,5,,,Geometric in-place volume before swell/shrink.,bank-cy|spoils|stripping,
earthwork_sy_6in_to_cy,"SY to CY for 6"" earthwork/spoils",Earthwork,SY,CY,0.1666666667,sy_depth_in_to_cy,sy,5,,,Geometric in-place volume before swell/shrink.,bank-cy|spoils|stripping,
earthwork_sy_7in_to_cy,"SY to CY for 7"" earthwork/spoils",Earthwork,SY,CY,0.1944444444,sy_depth_in_to_cy,sy,5,,,Geometric in-place volume before swell/shrink.,bank-cy|spoils|stripping,
earthwork_sy_8in_to_cy,"SY to CY for 8"" earthwork/spoils",Earthwork,SY,CY,0.2222222222,sy_depth_in_to_cy,sy,5,,,Geometric in-place volume before swell/shrink.,bank-cy|spoils|stripping,
earthwork_sy_9in_to_cy,"SY to CY for 9"" earthwork/spoils",Earthwork,SY,CY,0.25,sy_depth_in_to_cy,sy,5,,,Geometric in-place volume before swell/shrink.,bank-cy|spoils|stripping,
granular_swell,Granular material swell from bank CY to loose CY,Earthwork,BCY,LCY,1.1,,,,1.05,1.15,Use for sandy/granular excavation.,swell-shrink,
rock_swell,Rock excavation swell from bank CY to loose CY,Earthwork,BCY,LCY,1.6,,,,1.5,1.75,Use for blasted/broken rock haul-off.,swell-shrink,
structural_fill_shrink,Structural fill shrink from loose/import CY to compacted CY,Earthwork,LCY,CCY,0.88,,,,0.8,0.95,Default assumes roughly 12% shrink after placement/compaction.,swell-shrink,
topsoil_swell,Topsoil swell from bank CY to loose CY,Earthwork,BCY,LCY,1.25,,,,1.2,1.35,Use for haul-off/load count when stripping topsoil.,swell-shrink,
conduit_waste_default,Conduit waste multiplier,Electrical,LF,LF,1.05,,,,1.03,1.1,Use for underground/site conduit routes.,electrical|site-lighting,
fixture_each,Light fixture count,Electrical,EA,EA,1,,,,1,1,Assembly item.,electrical|site-lighting,
ground_rod_each,Ground rod count,Electrical,EA,EA,1,,,,1,1,Use per pole/base/service detail.,electrical|site-lighting,
ground_wire_lf_per_route_lf,Ground wire LF per route LF,Electrical,LF,LF,1.1,,,,1.0,1.15,Use when separate ground conductor is required.,electrical|site-lighting,
handhole_each,Electrical handhole count,Electrical,EA,EA,1,,,,1,1,Assembly item.,electrical|site-lighting,
light_pole_base_each,Light pole base count,Electrical,EA,EA,1,,,,1,1,"Assembly trigger: excavation, rebar, anchor bolts, concrete, grounding.",electrical|site-lighting,
pull_box_each,Pull box count,Electrical,EA,EA,1,,,,1,1,Assembly item.,electrical|site-lighting,
pull_string_lf_per_conduit_lf,Pull string LF per conduit LF,Electrical,LF,LF,1.05,,,,1.0,1.1,Use for empty/spare conduit.,electrical|site-lighting,
warning_tape_lf_per_elec_trench_lf,Electrical warning tape LF per trench LF,Electrical,LF,LF,1.05,,,,1.0,1.1,Use for underground electrical trench.,electrical|site-lighting,
wire_waste_default,Wire waste multiplier,Electrical,LF,LF,1.1,,,,1.05,1.15,Use for site lighting/control wiring.,electrical|site-lighting,
check_dam_each,Check dam count,Erosion Control,EA,EA,1,,,5,,,Assembly item.,erosion|sitework,
construction_entrance_50x20x6in_tons,Construction entrance 50 FT x 20 FT x 6 IN tons,Erosion Control,EA,TON,28.7,,,5,,,Default entrance stone quantity.,erosion|sitework,
construction_entrance_stone_tons_per_cy,Construction entrance stone tons per CY,Erosion Control,CY,TON,1.55,,,5,,,Use for #2/#3 stone entrance. Override by stone type.,erosion|sitework,
erosion_blanket_sy,Erosion control blanket SY,Erosion Control,SY,SY,1,,,5,,,Direct SY quantity.,erosion|sitework,
inlet_protection_each,Inlet protection count,Erosion Control,EA,EA,1,,,5,,,Assembly item.,erosion|sitework,
seed_straw_acre,Seed and straw acres,Erosion Control,ACRE,ACRE,1,,,5,,,Direct acre quantity.,erosion|sitework,
silt_fence_lf,Silt fence LF,Erosion Control,LF,LF,1,,,5,,,Direct LF quantity.,erosion|sitework,
wattle_lf,Wattle/sock LF,Erosion Control,LF,LF,1,,,5,,,Direct LF quantity.,erosion|sitework,
night_work_multiplier,Night work multiplier,Production Modifier,BASE,MULTIPLIER,1.2,,,,,,Use as placeholder for production/cost impacts.,modifier|risk,
phased_work_multiplier,Phased work multiplier,Production Modifier,BASE,MULTIPLIER,1.1,,,,,,Multiple mobilizations/traffic coordination.,modifier|risk,
small_job_mob_multiplier,Small job mobilization/inefficiency multiplier,Production Modifier,BASE,MULTIPLIER,1.15,,,,,,Small jobs lose efficiency.,modifier|risk,
traffic_heavy_truck_modifier,Heavy truck traffic modifier,Production Modifier,BASE,MULTIPLIER,1.25,,,,,,"Distribution, frequent tractor trailers, slow turns.",modifier|risk,
traffic_light_duty_modifier,Light-duty traffic modifier,Production Modifier,BASE,MULTIPLIER,1.0,,,,,,Passenger cars/light pickups.,modifier|risk,
traffic_medium_duty_modifier,Medium-duty traffic modifier,Production Modifier,BASE,MULTIPLIER,1.1,,,,,,Occasional delivery trucks/garbage trucks.,modifier|risk,
winter_work_multiplier,Cold/winter work multiplier,Production Modifier,BASE,MULTIPLIER,1.15,,,,,,Use as placeholder for production/cost impacts.,modifier|risk,
sealer_one_coat_sy_to_gal,Sealcoat gallons for one coat,Sealcoating,SY,GAL,0.0833333333,,,5,0.07,0.1,"Equivalent to about 1 gallon per 12 SY. Actual depends on product, dilution, pavement condition.",sealcoat,
ada_sign_each,ADA sign count,Striping,EA,EA,1,,,,,,Direct quantity/assembly item.,striping|signage,
ada_symbol_each,ADA pavement symbol count,Striping,EA,EA,1,,,,,,Direct quantity/assembly item.,striping|signage,
arrow_each,Traffic arrow count,Striping,EA,EA,1,,,,,,Direct quantity/assembly item.,striping|signage,
curb_paint_lf,Curb paint LF,Striping,LF,LF,1,,,,,,Direct quantity/assembly item.,striping|signage,
parking_stall_each,Parking stall stripe count,Striping,EA,EA,1,,,,,,Direct quantity/assembly item.,striping|signage,
sign_post_each,Sign post count,Striping,EA,EA,1,,,,,,Direct quantity/assembly item.,striping|signage,
stop_bar_lf,Stop bar LF,Striping,LF,LF,1,,,,,,Direct quantity/assembly item.,striping|signage,
stripe_4in_lf,4 inch stripe LF,Striping,LF,LF,1,,,,,,Direct quantity/assembly item.,striping|signage,
stripe_6in_lf,6 inch stripe LF,Striping,LF,LF,1,,,,,,Direct quantity/assembly item.,striping|signage,
wheel_stop_each,Wheel stop count,Striping,EA,EA,1,,,,,,Direct quantity/assembly item.,striping|signage,
prime_aggregate_base_default,Prime coat over aggregate base - default,Tack,SY,GAL,0.25,tack_gallons,sy,5,0.2,0.35,"Application rate should be user-adjustable by material, dilution, surface condition, and spec.",tack|prime,
prime_aggregate_base_heavy,Prime coat over aggregate base - heavy/porous,Tack,SY,GAL,0.35,tack_gallons,sy,5,0.3,0.45,"Application rate should be user-adjustable by material, dilution, surface condition, and spec.",tack|prime,
prime_aggregate_base_light,Prime coat over aggregate base - light,Tack,SY,GAL,0.2,tack_gallons,sy,5,0.15,0.25,"Application rate should be user-adjustable by material, dilution, surface condition, and spec.",tack|prime,
tack_emulsion_ton_to_gallons,Ton of tack/emulsion liquid to gallons,Tack,TON,GAL,244,,,,,,Based on roughly 8.2 lb/gal liquid weight. Do not confuse with asphalt tons to tack gallons.,liquid-weight|emulsion,
tack_existing_asphalt_default,Tack coat on existing asphalt overlay - default,Tack,SY,GAL,0.07,tack_gallons,sy,5,0.05,0.1,"Application rate should be user-adjustable by material, dilution, surface condition, and spec.",tack|prime,
tack_milled_surface_default,Tack coat on milled asphalt - default,Tack,SY,GAL,0.1,tack_gallons,sy,5,0.08,0.12,"Application rate should be user-adjustable by material, dilution, surface condition, and spec.",tack|prime,
tack_new_asphalt_default,Tack coat on new/fresh asphalt - default,Tack,SY,GAL,0.05,tack_gallons,sy,5,0.03,0.07,"Application rate should be user-adjustable by material, dilution, surface condition, and spec.",tack|prime,
tack_new_asphalt_low,Tack coat on new/fresh asphalt - low,Tack,SY,GAL,0.03,tack_gallons,sy,5,0.02,0.05,"Application rate should be user-adjustable by material, dilution, surface condition, and spec.",tack|prime,
tack_old_dry_porous_default,Tack coat on old/dry/porous asphalt - default,Tack,SY,GAL,0.12,tack_gallons,sy,5,0.1,0.15,"Application rate should be user-adjustable by material, dilution, surface condition, and spec.",tack|prime,
pipe_10in_6in_bedding_cy_per_lf,"6"" bedding CY per LF for 10"" pipe trench",Underground,LF,CY,0.0524691358,lf_width_depth_to_cy,lf,7,,,Uses default trench width 2.8333 FT and 6 inch bedding depth.,pipe|bedding|stone,
pipe_10in_default_trench_width_ft,"Default trench width for 10"" pipe",Underground,PIPE-IN,FT,2.8333,,pipeDiameterIn,,,,"Default equals pipe diameter plus 24 inches. Override for spec, trench box, soil, or depth.",pipe|trench-width,
pipe_12in_6in_bedding_cy_per_lf,"6"" bedding CY per LF for 12"" pipe trench",Underground,LF,CY,0.0555555556,lf_width_depth_to_cy,lf,7,,,Uses default trench width 3.0 FT and 6 inch bedding depth.,pipe|bedding|stone,
pipe_12in_default_trench_width_ft,"Default trench width for 12"" pipe",Underground,PIPE-IN,FT,3.0,,pipeDiameterIn,,,,"Default equals pipe diameter plus 24 inches. Override for spec, trench box, soil, or depth.",pipe|trench-width,
pipe_15in_6in_bedding_cy_per_lf,"6"" bedding CY per LF for 15"" pipe trench",Underground,LF,CY,0.0601851852,lf_width_depth_to_cy,lf,7,,,Uses default trench width 3.25 FT and 6 inch bedding depth.,pipe|bedding|stone,
pipe_15in_default_trench_width_ft,"Default trench width for 15"" pipe",Underground,PIPE-IN,FT,3.25,,pipeDiameterIn,,,,"Default equals pipe diameter plus 24 inches. Override for spec, trench box, soil, or depth.",pipe|trench-width,
pipe_18in_6in_bedding_cy_per_lf,"6"" bedding CY per LF for 18"" pipe trench",Underground,LF,CY,0.0648148148,lf_width_depth_to_cy,lf,7,,,Uses default trench width 3.5 FT and 6 inch bedding depth.,pipe|bedding|stone,
pipe_18in_default_trench_width_ft,"Default trench width for 18"" pipe",Underground,PIPE-IN,FT,3.5,,pipeDiameterIn,,,,"Default equals pipe diameter plus 24 inches. Override for spec, trench box, soil, or depth.",pipe|trench-width,
pipe_24in_6in_bedding_cy_per_lf,"6"" bedding CY per LF for 24"" pipe trench",Underground,LF,CY,0.0740740741,lf_width_depth_to_cy,lf,7,,,Uses default trench width 4.0 FT and 6 inch bedding depth.,pipe|bedding|stone,
pipe_24in_default_trench_width_ft,"Default trench width for 24"" pipe",Underground,PIPE-IN,FT,4.0,,pipeDiameterIn,,,,"Default equals pipe diameter plus 24 inches. Override for spec, trench box, soil, or depth.",pipe|trench-width,
pipe_30in_6in_bedding_cy_per_lf,"6"" bedding CY per LF for 30"" pipe trench",Underground,LF,CY,0.0833333333,lf_width_depth_to_cy,lf,7,,,Uses default trench width 4.5 FT and 6 inch bedding depth.,pipe|bedding|stone,
pipe_30in_default_trench_width_ft,"Default trench width for 30"" pipe",Underground,PIPE-IN,FT,4.5,,pipeDiameterIn,,,,"Default equals pipe diameter plus 24 inches. Override for spec, trench box, soil, or depth.",pipe|trench-width,
pipe_36in_6in_bedding_cy_per_lf,"6"" bedding CY per LF for 36"" pipe trench",Underground,LF,CY,0.0925925926,lf_width_depth_to_cy,lf,7,,,Uses default trench width 5.0 FT and 6 inch bedding depth.,pipe|bedding|stone,
pipe_36in_default_trench_width_ft,"Default trench width for 36"" pipe",Underground,PIPE-IN,FT,5.0,,pipeDiameterIn,,,,"Default equals pipe diameter plus 24 inches. Override for spec, trench box, soil, or depth.",pipe|trench-width,
pipe_42in_6in_bedding_cy_per_lf,"6"" bedding CY per LF for 42"" pipe trench",Underground,LF,CY,0.1018518519,lf_width_depth_to_cy,lf,7,,,Uses default trench width 5.5 FT and 6 inch bedding depth.,pipe|bedding|stone,
pipe_42in_default_trench_width_ft,"Default trench width for 42"" pipe",Underground,PIPE-IN,FT,5.5,,pipeDiameterIn,,,,"Default equals pipe diameter plus 24 inches. Override for spec, trench box, soil, or depth.",pipe|trench-width,
pipe_48in_6in_bedding_cy_per_lf,"6"" bedding CY per LF for 48"" pipe trench",Underground,LF,CY,0.1111111111,lf_width_depth_to_cy,lf,7,,,Uses default trench width 6.0 FT and 6 inch bedding depth.,pipe|bedding|stone,
pipe_48in_default_trench_width_ft,"Default trench width for 48"" pipe",Underground,PIPE-IN,FT,6.0,,pipeDiameterIn,,,,"Default equals pipe diameter plus 24 inches. Override for spec, trench box, soil, or depth.",pipe|trench-width,
pipe_4in_6in_bedding_cy_per_lf,"6"" bedding CY per LF for 4"" pipe trench",Underground,LF,CY,0.0432098765,lf_width_depth_to_cy,lf,7,,,Uses default trench width 2.3333 FT and 6 inch bedding depth.,pipe|bedding|stone,
pipe_4in_default_trench_width_ft,"Default trench width for 4"" pipe",Underground,PIPE-IN,FT,2.3333,,pipeDiameterIn,,,,"Default equals pipe diameter plus 24 inches. Override for spec, trench box, soil, or depth.",pipe|trench-width,
pipe_60in_6in_bedding_cy_per_lf,"6"" bedding CY per LF for 60"" pipe trench",Underground,LF,CY,0.1296296296,lf_width_depth_to_cy,lf,7,,,Uses default trench width 7.0 FT and 6 inch bedding depth.,pipe|bedding|stone,
pipe_60in_default_trench_width_ft,"Default trench width for 60"" pipe",Underground,PIPE-IN,FT,7.0,,pipeDiameterIn,,,,"Default equals pipe diameter plus 24 inches. Override for spec, trench box, soil, or depth.",pipe|trench-width,
pipe_6in_6in_bedding_cy_per_lf,"6"" bedding CY per LF for 6"" pipe trench",Underground,LF,CY,0.0462962963,lf_width_depth_to_cy,lf,7,,,Uses default trench width 2.5 FT and 6 inch bedding depth.,pipe|bedding|stone,
pipe_6in_default_trench_width_ft,"Default trench width for 6"" pipe",Underground,PIPE-IN,FT,2.5,,pipeDiameterIn,,,,"Default equals pipe diameter plus 24 inches. Override for spec, trench box, soil, or depth.",pipe|trench-width,
pipe_8in_6in_bedding_cy_per_lf,"6"" bedding CY per LF for 8"" pipe trench",Underground,LF,CY,0.049382716,lf_width_depth_to_cy,lf,7,,,Uses default trench width 2.6667 FT and 6 inch bedding depth.,pipe|bedding|stone,
pipe_8in_default_trench_width_ft,"Default trench width for 8"" pipe",Underground,PIPE-IN,FT,2.6667,,pipeDiameterIn,,,,"Default equals pipe diameter plus 24 inches. Override for spec, trench box, soil, or depth.",pipe|trench-width,
pipe_bedding_depth_default_in,Default pipe bedding depth,Underground,LF,IN,6,,,,4,6,Common bedding depth. Confirm specs.,pipe,
pipe_cover_above_pipe_default_in,Default initial cover above pipe,Underground,LF,IN,12,,,,6,12,Initial backfill cover above pipe.,pipe,
pipe_spoil_swell_common,Pipe trench common spoil swell,Underground,BCY,LCY,1.25,,,,1.15,1.35,Used for haul-off from trench excavation.,pipe,
tracer_wire_lf_per_pipe_lf,Tracer wire LF per LF of pipe,Underground,LF,LF,1.05,,,,1.0,1.1,Includes small waste/connection allowance.,pipe,
utility_crossing_allowance_each,Utility crossing allowance count,Underground,EA,EA,1,,,,1,1,"Use as assembly trigger for hand dig, support, potholing, or repair risk.",pipe,
warning_tape_lf_per_pipe_lf,Warning tape LF per LF of pipe,Underground,LF,LF,1.05,,,,1.0,1.1,Includes small waste allowance.,pipe,
acre_to_sf,Acres to square feet,Universal,ACRE,SF,43560,,,,,,Pure unit conversion.,,
cf_to_cy,Cubic feet to cubic yards,Universal,CF,CY,0.037037037,,,,,,Pure unit conversion.,,
cy_to_cf,Cubic yards to cubic feet,Universal,CY,CF,27,,,,,,Pure unit conversion.,,
ft_to_in,Feet to inches,Universal,FT,IN,12,,,,,,Pure unit conversion.,,
in_to_ft,Inches to feet,Universal,IN,FT,0.0833333333,,,,,,Pure unit conversion.,,
sf_to_acre,Square feet to acres,Universal,SF,ACRE,2.29568e-05,,,,,,Pure unit conversion.,,
sf_to_sy,Square feet to square yards,Universal,SF,SY,0.1111111111,,,,,,Pure unit conversion.,,
sy_to_sf,Square yards to square feet,Universal,SY,SF,9,,,,,,Pure unit conversion.,,
